sample_id,gse_id,original_id,molecular_subtype,organ,subtype
GSE118014_GSM3317251,GSE118014,GSM3317251,C1,Pancreas,PanNET/NEC
GSE118014_GSM3317252,GSE118014,GSM3317252,C1,Pancreas,PanNET/NEC
GSE118014_GSM3317253,GSE118014,GSM3317253,C1,Pancreas,PanNET/NEC
GSE118014_GSM3317254,GSE118014,GSM3317254,C1,Pancreas,PanNET/NEC
GSE118014_GSM3317255,GSE118014,GSM3317255,C1,Pancreas,PanNET/NEC
GSE118014_GSM3317256,GSE118014,GSM3317256,C1,Pancreas,PanNET/NEC
GSE118014_GSM3317257,GSE118014,GSM3317257,C1,Pancreas,PanNET/NEC
GSE118014_GSM3317258,GSE118014,GSM3317258,C1,Pancreas,PanNET/NEC
GSE118014_GSM3317259,GSE118014,GSM3317259,C1,Pancreas,PanNET/NEC
GSE118014_GSM3317261,GSE118014,GSM3317261,C1,Pancreas,PanNET/NEC
GSE118014_GSM3317262,GSE118014,GSM3317262,C1,Pancreas,PanNET/NEC
GSE118014_GSM3317263,GSE118014,GSM3317263,C1,Pancreas,PanNET/NEC
GSE118014_GSM3317264,GSE118014,GSM3317264,C1,Pancreas,PanNET/NEC
GSE118014_GSM3317265,GSE118014,GSM3317265,C1,Pancreas,PanNET/NEC
GSE118014_GSM3317266,GSE118014,GSM3317266,C1,Pancreas,PanNET/NEC
GSE118014_GSM3317267,GSE118014,GSM3317267,C1,Pancreas,PanNET/NEC
GSE118014_GSM3317268,GSE118014,GSM3317268,C1,Pancreas,PanNET/NEC
GSE118014_GSM3317269,GSE118014,GSM3317269,C1,Pancreas,PanNET/NEC
GSE118014_GSM3317270,GSE118014,GSM3317270,C1,Pancreas,PanNET/NEC
GSE118014_GSM3317271,GSE118014,GSM3317271,C1,Pancreas,PanNET/NEC
GSE118014_GSM3317272,GSE118014,GSM3317272,C1,Pancreas,PanNET/NEC
GSE118014_GSM3317273,GSE118014,GSM3317273,C1,Pancreas,PanNET/NEC
GSE118014_GSM3317274,GSE118014,GSM3317274,C1,Pancreas,PanNET/NEC
GSE118014_GSM3317275,GSE118014,GSM3317275,C1,Pancreas,PanNET/NEC
GSE118014_GSM3317276,GSE118014,GSM3317276,C1,Pancreas,PanNET/NEC
GSE118014_GSM3317277,GSE118014,GSM3317277,C1,Pancreas,PanNET/NEC
GSE118014_GSM3317278,GSE118014,GSM3317278,C1,Pancreas,PanNET/NEC
GSE118014_GSM3317279,GSE118014,GSM3317279,C1,Pancreas,PanNET/NEC
GSE118014_GSM3317280,GSE118014,GSM3317280,C1,Pancreas,PanNET/NEC
GSE118014_GSM3317281,GSE118014,GSM3317281,C1,Pancreas,PanNET/NEC
GSE118014_GSM3317282,GSE118014,GSM3317282,C1,Pancreas,PanNET/NEC
GSE118014_GSM3317283,GSE118014,GSM3317283,C1,Pancreas,PanNET/NEC
GSE151904_GSM4593197,GSE151904,GSM4593197,C2,Lung,SCLC/LCNEC
GSE151904_GSM4593198,GSE151904,GSM4593198,C2,Lung,SCLC/LCNEC
GSE151904_GSM4593199,GSE151904,GSM4593199,C2,Lung,SCLC/LCNEC
GSE151904_GSM4593200,GSE151904,GSM4593200,C2,Lung,SCLC/LCNEC
GSE151904_GSM4593201,GSE151904,GSM4593201,C2,Lung,SCLC/LCNEC
GSE151904_GSM4593202,GSE151904,GSM4593202,C2,Lung,SCLC/LCNEC
GSE151904_GSM4593203,GSE151904,GSM4593203,C2,Lung,SCLC/LCNEC
GSE151904_GSM4593204,GSE151904,GSM4593204,C2,Lung,SCLC/LCNEC
GSE151904_GSM4593205,GSE151904,GSM4593205,C2,Lung,SCLC/LCNEC
GSE151904_GSM4593206,GSE151904,GSM4593206,C2,Lung,SCLC/LCNEC
GSE151904_GSM4593207,GSE151904,GSM4593207,C2,Lung,SCLC/LCNEC
GSE151904_GSM4593208,GSE151904,GSM4593208,C2,Lung,SCLC/LCNEC
GSE151904_GSM4593209,GSE151904,GSM4593209,C2,Lung,SCLC/LCNEC
GSE151904_GSM4593210,GSE151904,GSM4593210,C2,Lung,SCLC/LCNEC
GSE151904_GSM4593211,GSE151904,GSM4593211,C2,Lung,SCLC/LCNEC
GSE151904_GSM4593212,GSE151904,GSM4593212,C2,Lung,SCLC/LCNEC
GSE151904_GSM4593213,GSE151904,GSM4593213,C2,Lung,SCLC/LCNEC
GSE151904_GSM4593214,GSE151904,GSM4593214,C2,Lung,SCLC/LCNEC
GSE151904_GSM4593215,GSE151904,GSM4593215,C2,Lung,SCLC/LCNEC
GSE151904_GSM4593216,GSE151904,GSM4593216,C2,Lung,SCLC/LCNEC
GSE151904_GSM4593217,GSE151904,GSM4593217,C2,Lung,SCLC/LCNEC
GSE151904_GSM4593218,GSE151904,GSM4593218,C2,Lung,SCLC/LCNEC
GSE151904_GSM4593219,GSE151904,GSM4593219,C2,Lung,SCLC/LCNEC
GSE151904_GSM4593220,GSE151904,GSM4593220,C2,Lung,SCLC/LCNEC
GSE151904_GSM4593221,GSE151904,GSM4593221,C2,Lung,SCLC/LCNEC
GSE151904_GSM4593222,GSE151904,GSM4593222,C2,Lung,SCLC/LCNEC
GSE151904_GSM4593223,GSE151904,GSM4593223,C2,Lung,SCLC/LCNEC
GSE151904_GSM4593224,GSE151904,GSM4593224,C2,Lung,SCLC/LCNEC
GSE151904_GSM4593225,GSE151904,GSM4593225,C2,Lung,SCLC/LCNEC
GSE151904_GSM4593226,GSE151904,GSM4593226,C2,Lung,SCLC/LCNEC
GSE151904_GSM4593227,GSE151904,GSM4593227,C2,Lung,SCLC/LCNEC
GSE151904_GSM4593228,GSE151904,GSM4593228,C2,Lung,SCLC/LCNEC
GSE151904_GSM4593229,GSE151904,GSM4593229,C2,Lung,SCLC/LCNEC
GSE151904_GSM4593230,GSE151904,GSM4593230,C2,Lung,SCLC/LCNEC
GSE151904_GSM4593231,GSE151904,GSM4593231,C2,Lung,SCLC/LCNEC
GSE151904_GSM4593232,GSE151904,GSM4593232,C2,Lung,SCLC/LCNEC
GSE151904_GSM4593233,GSE151904,GSM4593233,C2,Lung,SCLC/LCNEC
GSE151904_GSM4593234,GSE151904,GSM4593234,C2,Lung,SCLC/LCNEC
GSE151904_GSM4593235,GSE151904,GSM4593235,C2,Lung,SCLC/LCNEC
GSE151904_GSM4593236,GSE151904,GSM4593236,C2,Lung,SCLC/LCNEC
GSE151904_GSM4593237,GSE151904,GSM4593237,C2,Lung,SCLC/LCNEC
GSE151904_GSM4593238,GSE151904,GSM4593238,C2,Lung,SCLC/LCNEC
GSE151904_GSM4593239,GSE151904,GSM4593239,C2,Lung,SCLC/LCNEC
GSE151904_GSM4593240,GSE151904,GSM4593240,C2,Lung,SCLC/LCNEC
GSE151904_GSM4593241,GSE151904,GSM4593241,C2,Lung,SCLC/LCNEC
GSE151904_GSM4593242,GSE151904,GSM4593242,C2,Lung,SCLC/LCNEC
GSE151904_GSM4593243,GSE151904,GSM4593243,C2,Lung,SCLC/LCNEC
GSE151904_GSM4593244,GSE151904,GSM4593244,C2,Lung,SCLC/LCNEC
GSE151904_GSM4593245,GSE151904,GSM4593245,C2,Lung,SCLC/LCNEC
GSE151904_GSM4593246,GSE151904,GSM4593246,C2,Lung,SCLC/LCNEC
GSE151904_GSM4593247,GSE151904,GSM4593247,C2,Lung,SCLC/LCNEC
GSE151904_GSM4593248,GSE151904,GSM4593248,C2,Lung,SCLC/LCNEC
GSE151904_GSM4593249,GSE151904,GSM4593249,C2,Lung,SCLC/LCNEC
GSE151904_GSM4593250,GSE151904,GSM4593250,C2,Lung,SCLC/LCNEC
GSE151904_GSM4593251,GSE151904,GSM4593251,C2,Lung,SCLC/LCNEC
GSE151904_GSM4593252,GSE151904,GSM4593252,C2,Lung,SCLC/LCNEC
GSE151904_GSM4593253,GSE151904,GSM4593253,C2,Lung,SCLC/LCNEC
GSE151904_GSM4593254,GSE151904,GSM4593254,C2,Lung,SCLC/LCNEC
GSE151904_GSM4593255,GSE151904,GSM4593255,C2,Lung,SCLC/LCNEC
GSE151904_GSM4593256,GSE151904,GSM4593256,C2,Lung,SCLC/LCNEC
GSE151904_GSM4593257,GSE151904,GSM4593257,C2,Lung,SCLC/LCNEC
GSE151904_GSM4593258,GSE151904,GSM4593258,C2,Lung,SCLC/LCNEC
GSE208446_GSM6346515,GSE208446,GSM6346515,C3,Lung,SCLC/LCNEC
GSE208446_GSM6346516,GSE208446,GSM6346516,C3,Lung,SCLC/LCNEC
GSE208446_GSM6346517,GSE208446,GSM6346517,C3,Lung,SCLC/LCNEC
GSE208446_GSM6346518,GSE208446,GSM6346518,C3,Lung,SCLC/LCNEC
GSE208446_GSM6346519,GSE208446,GSM6346519,C3,Lung,SCLC/LCNEC
GSE208446_GSM6346520,GSE208446,GSM6346520,C3,Lung,SCLC/LCNEC
GSE208446_GSM6346521,GSE208446,GSM6346521,C3,Lung,SCLC/LCNEC
GSE208446_GSM6346522,GSE208446,GSM6346522,C3,Lung,SCLC/LCNEC
GSE208446_GSM6346523,GSE208446,GSM6346523,C3,Lung,SCLC/LCNEC
GSE208446_GSM6346524,GSE208446,GSM6346524,C3,Lung,SCLC/LCNEC
GSE208446_GSM6346525,GSE208446,GSM6346525,C3,Lung,SCLC/LCNEC
GSE208446_GSM6346526,GSE208446,GSM6346526,C3,Lung,SCLC/LCNEC
GSE213504_GSM6588247,GSE213504,GSM6588247,C3,Prostate,NEPC
GSE213504_GSM6588248,GSE213504,GSM6588248,C3,Prostate,NEPC
GSE213504_GSM6588249,GSE213504,GSM6588249,C3,Prostate,NEPC
GSE213504_GSM6588250,GSE213504,GSM6588250,C3,Prostate,NEPC
GSE213504_GSM6588251,GSE213504,GSM6588251,C3,Prostate,NEPC
GSE213504_GSM6588252,GSE213504,GSM6588252,C3,Prostate,NEPC
GSE213504_GSM6588253,GSE213504,GSM6588253,C3,Prostate,NEPC
GSE213504_GSM6588254,GSE213504,GSM6588254,C3,Prostate,NEPC
GSE213504_GSM6588255,GSE213504,GSM6588255,C3,Prostate,NEPC
GSE213504_GSM6588256,GSE213504,GSM6588256,C3,Prostate,NEPC
GSE213504_GSM6588257,GSE213504,GSM6588257,C3,Prostate,NEPC
GSE213504_GSM6588258,GSE213504,GSM6588258,C3,Prostate,NEPC
GSE213504_GSM6588259,GSE213504,GSM6588259,C3,Prostate,NEPC
GSE213504_GSM6588260,GSE213504,GSM6588260,C3,Prostate,NEPC
GSE213504_GSM6588261,GSE213504,GSM6588261,C3,Prostate,NEPC
GSE213504_GSM6588262,GSE213504,GSM6588262,C3,Prostate,NEPC
GSE213504_GSM6588263,GSE213504,GSM6588263,C3,Prostate,NEPC
GSE213504_GSM6588264,GSE213504,GSM6588264,C3,Prostate,NEPC
GSE213504_GSM6588265,GSE213504,GSM6588265,C3,Prostate,NEPC
GSE213504_GSM6588266,GSE213504,GSM6588266,C3,Prostate,NEPC
GSE213504_GSM6588267,GSE213504,GSM6588267,C3,Prostate,NEPC
GSE213504_GSM6588268,GSE213504,GSM6588268,C3,Prostate,NEPC
GSE213504_GSM6588269,GSE213504,GSM6588269,C3,Prostate,NEPC
GSE213504_GSM6588270,GSE213504,GSM6588270,C3,Prostate,NEPC
GSE213504_GSM6588271,GSE213504,GSM6588271,C3,Prostate,NEPC
GSE213504_GSM6588272,GSE213504,GSM6588272,C3,Prostate,NEPC
GSE213504_GSM6588273,GSE213504,GSM6588273,C3,Prostate,NEPC
GSE213504_GSM6588274,GSE213504,GSM6588274,C3,Prostate,NEPC
GSE213504_GSM6588275,GSE213504,GSM6588275,C3,Prostate,NEPC
GSE213504_GSM6588276,GSE213504,GSM6588276,C3,Prostate,NEPC
GSE213504_GSM6588277,GSE213504,GSM6588277,C3,Prostate,NEPC
GSE213504_GSM6588278,GSE213504,GSM6588278,C3,Prostate,NEPC
GSE213504_GSM6588279,GSE213504,GSM6588279,C3,Prostate,NEPC
GSE213504_GSM6588280,GSE213504,GSM6588280,C3,Prostate,NEPC
GSE213504_GSM6588281,GSE213504,GSM6588281,C3,Prostate,NEPC
GSE213504_GSM6588282,GSE213504,GSM6588282,C3,Prostate,NEPC
GSE213504_GSM6588283,GSE213504,GSM6588283,C3,Prostate,NEPC
GSE213504_GSM6588284,GSE213504,GSM6588284,C3,Prostate,NEPC
GSE229701_GSM7173418,GSE229701,GSM7173418,C3,Lung,SCLC/LCNEC
GSE229701_GSM7173419,GSE229701,GSM7173419,C3,Lung,SCLC/LCNEC
GSE229701_GSM7173420,GSE229701,GSM7173420,C3,Lung,SCLC/LCNEC
GSE229701_GSM7173421,GSE229701,GSM7173421,C3,Lung,SCLC/LCNEC
GSE229701_GSM7173422,GSE229701,GSM7173422,C3,Lung,SCLC/LCNEC
GSE229701_GSM7173423,GSE229701,GSM7173423,C3,Lung,SCLC/LCNEC
GSE229701_GSM7173424,GSE229701,GSM7173424,C3,Lung,SCLC/LCNEC
GSE229701_GSM7173425,GSE229701,GSM7173425,C3,Lung,SCLC/LCNEC
GSE229701_GSM7173426,GSE229701,GSM7173426,C3,Lung,SCLC/LCNEC
GSE229701_GSM7173427,GSE229701,GSM7173427,C3,Lung,SCLC/LCNEC
GSE229701_GSM7173428,GSE229701,GSM7173428,C3,Lung,SCLC/LCNEC
GSE229701_GSM7173429,GSE229701,GSM7173429,C3,Lung,SCLC/LCNEC
GSE229701_GSM7173430,GSE229701,GSM7173430,C3,Lung,SCLC/LCNEC
GSE229701_GSM7173431,GSE229701,GSM7173431,C3,Lung,SCLC/LCNEC
GSE229701_GSM7173432,GSE229701,GSM7173432,C3,Lung,SCLC/LCNEC
GSE229701_GSM7173433,GSE229701,GSM7173433,C3,Lung,SCLC/LCNEC
GSE229701_GSM7173434,GSE229701,GSM7173434,C3,Lung,SCLC/LCNEC
GSE229701_GSM7173435,GSE229701,GSM7173435,C3,Lung,SCLC/LCNEC
GSE229701_GSM7173436,GSE229701,GSM7173436,C3,Lung,SCLC/LCNEC
GSE229701_GSM7173437,GSE229701,GSM7173437,C3,Lung,SCLC/LCNEC
GSE229701_GSM7173438,GSE229701,GSM7173438,C3,Lung,SCLC/LCNEC
GSE229701_GSM7173439,GSE229701,GSM7173439,C3,Lung,SCLC/LCNEC
GSE229701_GSM7173440,GSE229701,GSM7173440,C3,Lung,SCLC/LCNEC
GSE229701_GSM7173441,GSE229701,GSM7173441,C3,Lung,SCLC/LCNEC
GSE229701_GSM7173442,GSE229701,GSM7173442,C3,Lung,SCLC/LCNEC
GSE229701_GSM7173443,GSE229701,GSM7173443,C3,Lung,SCLC/LCNEC
GSE229701_GSM7173444,GSE229701,GSM7173444,C3,Lung,SCLC/LCNEC
GSE229701_GSM7173445,GSE229701,GSM7173445,C3,Lung,SCLC/LCNEC
GSE229701_GSM7173446,GSE229701,GSM7173446,C3,Lung,SCLC/LCNEC
GSE229701_GSM7173447,GSE229701,GSM7173447,C3,Lung,SCLC/LCNEC
GSE235092_GSM8181061,GSE235092,GSM8181061,C3,Skin,Merkel Cell
GSE235092_GSM8181062,GSE235092,GSM8181062,C3,Skin,Merkel Cell
GSE235092_GSM8181056,GSE235092,GSM8181056,C3,Skin,Merkel Cell
GSE235092_GSM8181050,GSE235092,GSM8181050,C3,Skin,Merkel Cell
GSE235092_GSM8181057,GSE235092,GSM8181057,C3,Skin,Merkel Cell
GSE235092_GSM8181051,GSE235092,GSM8181051,C3,Skin,Merkel Cell
GSE235092_GSM8181052,GSE235092,GSM8181052,C3,Skin,Merkel Cell
GSE235092_GSM8181059,GSE235092,GSM8181059,C3,Skin,Merkel Cell
GSE235092_GSM8181064,GSE235092,GSM8181064,C3,Skin,Merkel Cell
GSE235092_GSM8181053,GSE235092,GSM8181053,C3,Skin,Merkel Cell
GSE235092_GSM8181055,GSE235092,GSM8181055,C3,Skin,Merkel Cell
GSE235092_GSM8181058,GSE235092,GSM8181058,C3,Skin,Merkel Cell
GSE235092_GSM8181054,GSE235092,GSM8181054,C3,Skin,Merkel Cell
GSE235092_GSM8181060,GSE235092,GSM8181060,C3,Skin,Merkel Cell
GSE244945_GSM7832476,GSE244945,GSM7832476,C3,Lung,SCLC/LCNEC
GSE244945_GSM7832477,GSE244945,GSM7832477,C3,Lung,SCLC/LCNEC
GSE244945_GSM7832478,GSE244945,GSM7832478,C3,Lung,SCLC/LCNEC
GSE244945_GSM7832479,GSE244945,GSM7832479,C3,Lung,SCLC/LCNEC
GSE244945_GSM7832480,GSE244945,GSM7832480,C3,Lung,SCLC/LCNEC
GSE244945_GSM7832481,GSE244945,GSM7832481,C3,Lung,SCLC/LCNEC
GSE244945_GSM7832482,GSE244945,GSM7832482,C3,Lung,SCLC/LCNEC
GSE244945_GSM7832483,GSE244945,GSM7832483,C3,Lung,SCLC/LCNEC
GSE244945_GSM7832484,GSE244945,GSM7832484,C3,Lung,SCLC/LCNEC
GSE246690_GSM7874626,GSE246690,GSM7874626,C3,Prostate,NEPC
GSE246690_GSM7874627,GSE246690,GSM7874627,C3,Prostate,NEPC
GSE246690_GSM7874628,GSE246690,GSM7874628,C3,Prostate,NEPC
GSE246690_GSM7874629,GSE246690,GSM7874629,C3,Prostate,NEPC
GSE246690_GSM7874630,GSE246690,GSM7874630,C3,Prostate,NEPC
GSE246690_GSM7874631,GSE246690,GSM7874631,C3,Prostate,NEPC
GSE246690_GSM7874632,GSE246690,GSM7874632,C3,Prostate,NEPC
GSE246690_GSM7874633,GSE246690,GSM7874633,C3,Prostate,NEPC
GSE246690_GSM7874634,GSE246690,GSM7874634,C3,Prostate,NEPC
GSE246690_GSM7874635,GSE246690,GSM7874635,C3,Prostate,NEPC
GSE246690_GSM7874636,GSE246690,GSM7874636,C3,Prostate,NEPC
GSE246690_GSM7874637,GSE246690,GSM7874637,C3,Prostate,NEPC
GSE246690_GSM7874638,GSE246690,GSM7874638,C3,Prostate,NEPC
GSE246690_GSM7874639,GSE246690,GSM7874639,C3,Prostate,NEPC
GSE246690_GSM7874640,GSE246690,GSM7874640,C3,Prostate,NEPC
GSE246690_GSM7874641,GSE246690,GSM7874641,C3,Prostate,NEPC
GSE246690_GSM7874642,GSE246690,GSM7874642,C3,Prostate,NEPC
GSE246690_GSM7874643,GSE246690,GSM7874643,C3,Prostate,NEPC
GSE246690_GSM7874644,GSE246690,GSM7874644,C3,Prostate,NEPC
GSE246690_GSM7874645,GSE246690,GSM7874645,C3,Prostate,NEPC
GSE246690_GSM7874646,GSE246690,GSM7874646,C3,Prostate,NEPC
GSE246690_GSM7874647,GSE246690,GSM7874647,C3,Prostate,NEPC
GSE246690_GSM7874648,GSE246690,GSM7874648,C3,Prostate,NEPC
GSE246690_GSM7874649,GSE246690,GSM7874649,C3,Prostate,NEPC
GSE246690_GSM7874650,GSE246690,GSM7874650,C3,Prostate,NEPC
GSE246690_GSM7874651,GSE246690,GSM7874651,C3,Prostate,NEPC
GSE246690_GSM7874652,GSE246690,GSM7874652,C3,Prostate,NEPC
GSE246690_GSM7874653,GSE246690,GSM7874653,C3,Prostate,NEPC
GSE246690_GSM7874654,GSE246690,GSM7874654,C3,Prostate,NEPC
GSE246690_GSM7874655,GSE246690,GSM7874655,C3,Prostate,NEPC
GSE246690_GSM7874656,GSE246690,GSM7874656,C3,Prostate,NEPC
GSE246690_GSM7874657,GSE246690,GSM7874657,C3,Prostate,NEPC
GSE60052_GSM1464289,GSE60052,GSM1464289,C1,Lung,SCLC/LCNEC
GSE60052_GSM1464290,GSE60052,GSM1464290,C1,Lung,SCLC/LCNEC
GSE60052_GSM1464291,GSE60052,GSM1464291,C1,Lung,SCLC/LCNEC
GSE60052_GSM1464292,GSE60052,GSM1464292,C1,Lung,SCLC/LCNEC
GSE60052_GSM1464293,GSE60052,GSM1464293,C1,Lung,SCLC/LCNEC
GSE60052_GSM1464294,GSE60052,GSM1464294,C1,Lung,SCLC/LCNEC
GSE60052_GSM1464295,GSE60052,GSM1464295,C1,Lung,SCLC/LCNEC
GSE60052_GSM1464296,GSE60052,GSM1464296,C1,Lung,SCLC/LCNEC
GSE60052_GSM1464297,GSE60052,GSM1464297,C1,Lung,SCLC/LCNEC
GSE60052_GSM1464298,GSE60052,GSM1464298,C1,Lung,SCLC/LCNEC
GSE60052_GSM1464299,GSE60052,GSM1464299,C1,Lung,SCLC/LCNEC
GSE60052_GSM1464300,GSE60052,GSM1464300,C1,Lung,SCLC/LCNEC
GSE60052_GSM1464301,GSE60052,GSM1464301,C1,Lung,SCLC/LCNEC
GSE60052_GSM1464302,GSE60052,GSM1464302,C1,Lung,SCLC/LCNEC
GSE60052_GSM1464303,GSE60052,GSM1464303,C1,Lung,SCLC/LCNEC
GSE60052_GSM1464304,GSE60052,GSM1464304,C1,Lung,SCLC/LCNEC
GSE60052_GSM1464305,GSE60052,GSM1464305,C1,Lung,SCLC/LCNEC
GSE60052_GSM1464306,GSE60052,GSM1464306,C1,Lung,SCLC/LCNEC
GSE60052_GSM1464307,GSE60052,GSM1464307,C1,Lung,SCLC/LCNEC
GSE60052_GSM1464308,GSE60052,GSM1464308,C1,Lung,SCLC/LCNEC
GSE60052_GSM1464309,GSE60052,GSM1464309,C1,Lung,SCLC/LCNEC
GSE60052_GSM1464310,GSE60052,GSM1464310,C1,Lung,SCLC/LCNEC
GSE60052_GSM1464311,GSE60052,GSM1464311,C1,Lung,SCLC/LCNEC
GSE60052_GSM1464312,GSE60052,GSM1464312,C1,Lung,SCLC/LCNEC
GSE60052_GSM1464313,GSE60052,GSM1464313,C1,Lung,SCLC/LCNEC
GSE60052_GSM1464314,GSE60052,GSM1464314,C1,Lung,SCLC/LCNEC
GSE60052_GSM1464315,GSE60052,GSM1464315,C1,Lung,SCLC/LCNEC
GSE60052_GSM1464316,GSE60052,GSM1464316,C1,Lung,SCLC/LCNEC
GSE60052_GSM1464317,GSE60052,GSM1464317,C1,Lung,SCLC/LCNEC
GSE60052_GSM1464318,GSE60052,GSM1464318,C1,Lung,SCLC/LCNEC
GSE60052_GSM1464319,GSE60052,GSM1464319,C1,Lung,SCLC/LCNEC
GSE60052_GSM1464320,GSE60052,GSM1464320,C1,Lung,SCLC/LCNEC
GSE60052_GSM1464321,GSE60052,GSM1464321,C1,Lung,SCLC/LCNEC
GSE60052_GSM1464322,GSE60052,GSM1464322,C1,Lung,SCLC/LCNEC
GSE60052_GSM1464323,GSE60052,GSM1464323,C1,Lung,SCLC/LCNEC
GSE60052_GSM1464324,GSE60052,GSM1464324,C1,Lung,SCLC/LCNEC
GSE60052_GSM1464325,GSE60052,GSM1464325,C1,Lung,SCLC/LCNEC
GSE60052_GSM1464326,GSE60052,GSM1464326,C1,Lung,SCLC/LCNEC
GSE60052_GSM1464327,GSE60052,GSM1464327,C1,Lung,SCLC/LCNEC
GSE60052_GSM1464328,GSE60052,GSM1464328,C1,Lung,SCLC/LCNEC
GSE60052_GSM1464329,GSE60052,GSM1464329,C1,Lung,SCLC/LCNEC
GSE60052_GSM1464330,GSE60052,GSM1464330,C1,Lung,SCLC/LCNEC
GSE60052_GSM1464331,GSE60052,GSM1464331,C1,Lung,SCLC/LCNEC
GSE60052_GSM1464332,GSE60052,GSM1464332,C1,Lung,SCLC/LCNEC
GSE60052_GSM1464333,GSE60052,GSM1464333,C1,Lung,SCLC/LCNEC
GSE60052_GSM1464334,GSE60052,GSM1464334,C1,Lung,SCLC/LCNEC
GSE60052_GSM1464335,GSE60052,GSM1464335,C1,Lung,SCLC/LCNEC
GSE60052_GSM1464336,GSE60052,GSM1464336,C1,Lung,SCLC/LCNEC
GSE60052_GSM1464337,GSE60052,GSM1464337,C1,Lung,SCLC/LCNEC
GSE60052_GSM1464338,GSE60052,GSM1464338,C1,Lung,SCLC/LCNEC
GSE60052_GSM1464339,GSE60052,GSM1464339,C1,Lung,SCLC/LCNEC
GSE60052_GSM1464340,GSE60052,GSM1464340,C1,Lung,SCLC/LCNEC
GSE60052_GSM1464341,GSE60052,GSM1464341,C1,Lung,SCLC/LCNEC
GSE60052_GSM1464342,GSE60052,GSM1464342,C1,Lung,SCLC/LCNEC
GSE60052_GSM1464343,GSE60052,GSM1464343,C1,Lung,SCLC/LCNEC
GSE60052_GSM1464344,GSE60052,GSM1464344,C1,Lung,SCLC/LCNEC
GSE60052_GSM1464345,GSE60052,GSM1464345,C1,Lung,SCLC/LCNEC
GSE60052_GSM1464346,GSE60052,GSM1464346,C1,Lung,SCLC/LCNEC
GSE60052_GSM1464347,GSE60052,GSM1464347,C1,Lung,SCLC/LCNEC
GSE60052_GSM1464348,GSE60052,GSM1464348,C1,Lung,SCLC/LCNEC
GSE60052_GSM1464349,GSE60052,GSM1464349,C1,Lung,SCLC/LCNEC
GSE60052_GSM1464350,GSE60052,GSM1464350,C1,Lung,SCLC/LCNEC
GSE60052_GSM1464351,GSE60052,GSM1464351,C1,Lung,SCLC/LCNEC
GSE60052_GSM1464352,GSE60052,GSM1464352,C1,Lung,SCLC/LCNEC
GSE60052_GSM1464353,GSE60052,GSM1464353,C1,Lung,SCLC/LCNEC
GSE60052_GSM1464354,GSE60052,GSM1464354,C1,Lung,SCLC/LCNEC
GSE60052_GSM1464355,GSE60052,GSM1464355,C1,Lung,SCLC/LCNEC
GSE60052_GSM1464356,GSE60052,GSM1464356,C1,Lung,SCLC/LCNEC
GSE60052_GSM1464357,GSE60052,GSM1464357,C1,Lung,SCLC/LCNEC
GSE60052_GSM1464358,GSE60052,GSM1464358,C1,Lung,SCLC/LCNEC
GSE60052_GSM1464359,GSE60052,GSM1464359,C1,Lung,SCLC/LCNEC
GSE60052_GSM1464360,GSE60052,GSM1464360,C1,Lung,SCLC/LCNEC
GSE60052_GSM1464361,GSE60052,GSM1464361,C1,Lung,SCLC/LCNEC
GSE60052_GSM1464362,GSE60052,GSM1464362,C1,Lung,SCLC/LCNEC
GSE60052_GSM1464363,GSE60052,GSM1464363,C1,Lung,SCLC/LCNEC
GSE60052_GSM1464364,GSE60052,GSM1464364,C1,Lung,SCLC/LCNEC
GSE60052_GSM1464365,GSE60052,GSM1464365,C1,Lung,SCLC/LCNEC
GSE60052_GSM1464366,GSE60052,GSM1464366,C1,Lung,SCLC/LCNEC
GSE60052_GSM1464367,GSE60052,GSM1464367,C1,Lung,SCLC/LCNEC
